date,open_time,symbol_name,open,high,low,close,vol,close_time,quote_asset_vol,num_trades,taker_base_vol,taker_quote_vol,ignore
2018-09-26,1537920000000,BTGETH,0.10162500,0.11299500,0.10147400,0.10979200,6147.24000000,1538006399999,659.53768646,2034,3733.03000000,401.77844910,0
2018-09-27,1538006400000,BTGETH,0.10979300,0.13184200,0.10704900,0.11662400,11600.13000000,1538092799999,1402.21051383,4680,5104.86000000,616.66840129,0
2018-09-28,1538092800000,BTGETH,0.11646700,0.13000000,0.11305800,0.12138000,9369.64000000,1538179199999,1121.52069145,3196,5179.35000000,620.87528748,0
2018-09-29,1538179200000,BTGETH,0.12138000,0.12306000,0.11007500,0.11305400,3499.55000000,1538265599999,404.86413342,1645,1489.29000000,172.85226200,0
2018-09-30,1538265600000,BTGETH,0.11402300,0.11402300,0.11004900,0.11144400,1592.69000000,1538351999999,177.84278151,599,904.70000000,101.07164611,0
2018-10-01,1538352000000,BTGETH,0.11109600,0.11299900,0.10957400,0.11031200,827.21000000,1538438399999,92.12737669,474,494.58000000,55.19079853,0
2018-10-02,1538438400000,BTGETH,0.11031200,0.11377000,0.11003700,0.11357400,748.83000000,1538524799999,83.70308900,376,383.07000000,42.91634484,0
2018-10-03,1538524800000,BTGETH,0.11354400,0.11660700,0.11301600,0.11620000,1254.32000000,1538611199999,144.03424287,506,701.10000000,80.61648475,0
2018-10-04,1538611200000,BTGETH,0.11620000,0.11768400,0.11451300,0.11682200,1342.79000000,1538697599999,156.00522972,1273,537.67000000,62.52865328,0
2018-10-05,1538697600000,BTGETH,0.11682200,0.12556300,0.11538600,0.12165600,2629.31000000,1538783999999,317.97311014,1324,1483.31000000,179.33168569,0
2018-10-06,1538784000000,BTGETH,0.12165600,0.13232100,0.11954100,0.12540100,6413.32000000,1538870399999,810.30077761,2468,2993.69000000,379.00629838,0
2018-10-07,1538870400000,BTGETH,0.12563600,0.12583700,0.11905500,0.12061600,1526.73000000,1538956799999,185.75147293,810,622.30000000,75.89382096,0
2018-10-08,1538956800000,BTGETH,0.11938900,0.12233300,0.11905500,0.12024300,1497.39000000,1539043199999,180.58307928,839,914.58000000,110.43075102,0
2018-10-09,1539043200000,BTGETH,0.11962300,0.12075000,0.11769800,0.11911700,1577.13000000,1539129599999,188.47776242,554,1097.34000000,131.52080512,0
2018-10-10,1539129600000,BTGETH,0.11852700,0.11934300,0.11637000,0.11739500,1347.07000000,1539215999999,158.43272614,497,577.26000000,68.02936810,0
2018-10-11,1539216000000,BTGETH,0.11787200,0.12595000,0.11756800,0.12444000,4797.13000000,1539302399999,587.02922172,2220,3123.31000000,382.48773479,0
2018-10-12,1539302400000,BTGETH,0.12518300,0.13061000,0.12130000,0.12747500,3433.01000000,1539388799999,431.28167605,1636,1866.60000000,234.48865273,0
2018-10-13,1539388800000,BTGETH,0.12747500,0.12778800,0.12223800,0.12288800,1043.94000000,1539475199999,130.52424146,1102,488.99000000,61.25998629,0
2018-10-14,1539475200000,BTGETH,0.12232600,0.12652800,0.12138200,0.12580500,2079.93000000,1539561599999,256.75949441,1028,1240.08000000,153.40625732,0
2018-10-15,1539561600000,BTGETH,0.12637900,0.12750000,0.11730000,0.12558700,3922.70000000,1539647999999,487.46024383,1434,1858.56000000,232.20430338,0
2018-10-16,1539648000000,BTGETH,0.12663700,0.12878300,0.12546200,0.12794000,3888.89000000,1539734399999,493.73896979,883,1584.71000000,202.12990565,0
2018-10-17,1539734400000,BTGETH,0.12800000,0.12924700,0.12603200,0.12684000,4175.98000000,1539820799999,532.16127510,1208,1838.53000000,234.80618645,0
2018-10-18,1539820800000,BTGETH,0.12689400,0.12926100,0.12605900,0.12826500,1393.41000000,1539907199999,177.34742528,738,732.64000000,93.44159339,0
2018-10-19,1539907200000,BTGETH,0.12828800,0.12990200,0.12638400,0.12857500,734.57000000,1539993599999,94.44726807,621,517.00000000,66.61654702,0
2018-10-20,1539993600000,BTGETH,0.12884000,0.13158500,0.12735400,0.12958500,1036.75000000,1540079999999,134.32206428,1053,753.66000000,97.65706650,0
2018-10-21,1540080000000,BTGETH,0.12958500,0.13000900,0.12803400,0.12982600,844.15000000,1540166399999,108.71296010,298,562.14000000,72.45635739,0
2018-10-22,1540166400000,BTGETH,0.12989800,0.13024600,0.12735400,0.12908300,2646.25000000,1540252799999,340.25722102,662,1456.48000000,187.70699687,0
2018-10-23,1540252800000,BTGETH,0.12902400,0.13427600,0.12816900,0.13149900,1471.07000000,1540339199999,191.88809769,1428,780.68000000,101.93813618,0
2018-10-24,1540339200000,BTGETH,0.13150500,0.13767700,0.13016100,0.13478800,4246.88000000,1540425599999,575.15362905,2029,1504.22000000,203.26672145,0
2018-10-25,1540425600000,BTGETH,0.13482600,0.13540600,0.13309200,0.13452100,1031.06000000,1540511999999,138.30878892,843,478.85000000,64.32766952,0
2018-10-26,1540512000000,BTGETH,0.13447000,0.13452200,0.13099800,0.13263800,761.14000000,1540598399999,101.12197693,569,258.73000000,34.46453346,0
2018-10-27,1540598400000,BTGETH,0.13263800,0.13528900,0.13143500,0.13341000,1285.42000000,1540684799999,171.71902484,435,401.44000000,53.60804121,0
2018-10-28,1540684800000,BTGETH,0.13346100,0.13711300,0.13225300,0.13264000,2809.83000000,1540771199999,375.80263789,1067,643.01000000,86.51744848,0
2018-10-29,1540771200000,BTGETH,0.13322300,0.13591300,0.12956800,0.13487500,1555.08000000,1540857599999,206.35920876,1140,664.96000000,88.42534992,0
2018-10-30,1540857600000,BTGETH,0.13487800,0.13552800,0.13158700,0.13158700,2101.62000000,1540943999999,281.26930502,766,554.66000000,74.20595821,0
2018-10-31,1540944000000,BTGETH,0.13200800,0.13767700,0.13095700,0.13312100,2060.54000000,1541030399999,277.47062763,1336,965.70000000,130.31686773,0
2018-11-01,1541030400000,BTGETH,0.13312100,0.13485600,0.13244800,0.13442100,1172.86000000,1541116799999,156.53154533,734,483.27000000,64.76685654,0
2018-11-02,1541116800000,BTGETH,0.13356000,0.13749400,0.13251200,0.13539400,2203.43000000,1541203199999,298.01301092,1083,845.39000000,114.86653590,0
2018-11-03,1541203200000,BTGETH,0.13620000,0.13706600,0.13426800,0.13459400,539.61000000,1541289599999,73.19726200,499,219.31000000,29.78608815,0
2018-11-04,1541289600000,BTGETH,0.13500000,0.14880000,0.13416500,0.14019000,5474.16000000,1541375999999,779.04910056,6011,2850.96000000,405.52954541,0
2018-11-05,1541376000000,BTGETH,0.14019000,0.14567500,0.13859000,0.14430700,2605.30000000,1541462399999,369.21505417,1786,1439.36000000,204.12169999,0
2018-11-06,1541462400000,BTGETH,0.14386900,0.14780000,0.13860100,0.14576300,3894.13000000,1541548799999,560.68077895,2493,1928.90000000,278.47774474,0
2018-11-07,1541548800000,BTGETH,0.14658600,0.15000000,0.14026200,0.14381800,3682.68000000,1541635199999,530.86979192,2366,2066.88000000,299.20614365,0
2018-11-08,1541635200000,BTGETH,0.14516700,0.14590900,0.13920900,0.14152600,1904.49000000,1541721599999,271.38073641,1240,955.00000000,135.94754708,0
2018-11-09,1541721600000,BTGETH,0.14064400,0.14167500,0.13660400,0.13880200,1812.33000000,1541807999999,252.46431850,860,805.01000000,112.42096060,0
2018-11-10,1541808000000,BTGETH,0.13905000,0.14213200,0.13853000,0.14100200,1170.36000000,1541894399999,163.36331052,560,805.05000000,112.39635074,0
2018-11-11,1541894400000,BTGETH,0.14064600,0.14271400,0.13793400,0.13853000,1022.12000000,1541980799999,143.99062325,617,466.69000000,65.95807369,0
2018-11-12,1541980800000,BTGETH,0.13901000,0.13991700,0.13363600,0.13563000,1204.34000000,1542067199999,163.82295998,833,563.97000000,76.94758996,0
2018-11-13,1542067200000,BTGETH,0.13500000,0.13763100,0.13356100,0.13454800,1056.78000000,1542153599999,143.34792101,496,551.41000000,74.86466071,0
2018-11-14,1542153600000,BTGETH,0.13521600,0.14899900,0.13464700,0.14290200,4193.92000000,1542239999999,590.84314086,1698,2281.11000000,321.36737197,0
2018-11-15,1542240000000,BTGETH,0.14335300,0.15382900,0.13897000,0.14703000,3093.58000000,1542326399999,453.71815873,1733,1553.43000000,228.66477800,0
2018-11-16,1542326400000,BTGETH,0.14619500,0.15198000,0.14405600,0.15159900,1753.53000000,1542412799999,259.42786329,1077,965.71000000,143.23148206,0
2018-11-17,1542412800000,BTGETH,0.15166500,0.15495200,0.14996200,0.15412500,1909.21000000,1542499199999,291.03636577,910,1125.10000000,171.88880852,0
2018-11-18,1542499200000,BTGETH,0.15420000,0.15720000,0.15139000,0.15187500,1300.78000000,1542585599999,201.44812494,918,723.09000000,112.30276113,0
2018-11-19,1542585600000,BTGETH,0.15333200,0.17785000,0.15292900,0.17397400,4405.28000000,1542671999999,738.23855934,3754,2605.38000000,435.11115154,0
2018-11-20,1542672000000,BTGETH,0.17280200,0.18299900,0.13532500,0.15295500,10543.77000000,1542758399999,1629.40376200,5143,4592.32000000,712.50956674,0
2018-11-21,1542758400000,BTGETH,0.15307700,0.16036100,0.14996400,0.15641200,2664.91000000,1542844799999,414.48218947,1576,1569.26000000,245.30514276,0
2018-11-22,1542844800000,BTGETH,0.15719000,0.15857500,0.15222800,0.15505500,1895.53000000,1542931199999,294.76234453,948,1128.13000000,175.69583451,0
2018-11-23,1542931200000,BTGETH,0.15501000,0.15980000,0.14856300,0.15922800,3077.38000000,1543017599999,479.29851542,1343,1646.57000000,257.23357258,0
2018-11-24,1543017600000,BTGETH,0.15985000,0.18500000,0.15381100,0.16491800,6608.75000000,1543103999999,1117.80405908,3892,3291.92000000,559.24482650,0
2018-11-25,1543104000000,BTGETH,0.16620700,0.17791000,0.16161400,0.16613300,6377.79000000,1543190399999,1091.04755946,3906,3220.17000000,552.93017868,0
2018-11-26,1543190400000,BTGETH,0.16681200,0.18000900,0.15458900,0.16471800,6265.59000000,1543276799999,1037.73699123,3438,2781.26000000,463.28594418,0
2018-11-27,1543276800000,BTGETH,0.16373900,0.17496800,0.16347100,0.16535300,2988.33000000,1543363199999,503.66186050,1529,1553.34000000,262.36984971,0
2018-11-28,1543363200000,BTGETH,0.16476700,0.16586800,0.15789900,0.15899700,2681.56000000,1543449599999,435.87291807,1463,1337.04000000,217.86756503,0
2018-11-29,1543449600000,BTGETH,0.15989300,0.16134700,0.15550000,0.16031600,2740.78000000,1543535999999,433.99937952,1072,1292.00000000,204.89279284,0
2018-11-30,1543536000000,BTGETH,0.16087500,0.16363400,0.15432600,0.16325200,1849.19000000,1543622399999,295.21996436,919,1108.54000000,177.66370095,0
2018-12-01,1543622400000,BTGETH,0.16325200,0.16325200,0.15557400,0.15636700,1377.66000000,1543708799999,218.27410787,666,617.73000000,98.11614200,0
2018-12-02,1543708800000,BTGETH,0.15762000,0.15795700,0.15320000,0.15586700,1261.29000000,1543795199999,195.91624186,491,621.88000000,96.85929126,0
2018-12-03,1543795200000,BTGETH,0.15505500,0.16000000,0.15312100,0.15560400,2195.96000000,1543881599999,343.99271701,763,993.54000000,156.33474797,0
2018-12-04,1543881600000,BTGETH,0.15560400,0.15583000,0.14592300,0.14904200,2534.96000000,1543967999999,380.51085616,1282,892.58000000,134.01124576,0
2018-12-05,1543968000000,BTGETH,0.14877700,0.15053400,0.14544600,0.14805300,2136.36000000,1544054399999,317.04389144,576,1031.84000000,152.55613882,0
2018-12-06,1544054400000,BTGETH,0.14699900,0.15420000,0.14200000,0.15100700,4477.94000000,1544140799999,656.10428982,1787,2436.00000000,358.29933131,0
2018-12-07,1544140800000,BTGETH,0.15307900,0.15481900,0.12658300,0.13198100,8613.44000000,1544227199999,1205.82351192,4133,3479.74000000,492.01604694,0
2018-12-08,1544227200000,BTGETH,0.13207400,0.13888800,0.12706800,0.13102600,3994.98000000,1544313599999,536.24354741,1944,1944.77000000,261.90681623,0
2018-12-09,1544313600000,BTGETH,0.13092300,0.13449900,0.12752700,0.13079100,3327.16000000,1544399999999,431.94324220,1047,1312.40000000,170.79579078,0
2018-12-10,1544400000000,BTGETH,0.13079100,0.13643900,0.12898000,0.13136800,3417.37000000,1544486399999,446.56916429,1050,1777.72000000,232.84359363,0
2018-12-11,1544486400000,BTGETH,0.13147100,0.13327600,0.12735600,0.13010300,2065.03000000,1544572799999,269.42871116,825,982.68000000,128.74147394,0
2018-12-12,1544572800000,BTGETH,0.12910800,0.13296000,0.12743500,0.13141600,2920.75000000,1544659199999,379.46449060,841,1543.89000000,200.86791790,0
2018-12-13,1544659200000,BTGETH,0.13102100,0.13150000,0.12698700,0.13000200,1150.30000000,1544745599999,148.86268616,695,583.23000000,75.84430621,0
2018-12-14,1544745600000,BTGETH,0.13070000,0.13159300,0.12717400,0.12878200,1900.95000000,1544831999999,246.47205828,584,790.87000000,102.79780327,0
2018-12-15,1544832000000,BTGETH,0.12877700,0.14841700,0.12272200,0.14225500,5421.29000000,1544918399999,705.70875561,1586,2780.06000000,360.11400069,0
2018-12-16,1544918400000,BTGETH,0.14326100,0.14330600,0.12596200,0.12973300,5370.03000000,1545004799999,709.03789884,2531,2868.86000000,378.59922580,0
2018-12-17,1545004800000,BTGETH,0.13001000,0.13297600,0.12784000,0.12974000,3811.25000000,1545091199999,496.32527523,1064,1807.87000000,236.00937940,0
2018-12-18,1545091200000,BTGETH,0.12902300,0.13171200,0.12416500,0.12612700,2647.37000000,1545177599999,342.14155731,1026,1092.82000000,141.60190998,0
2018-12-19,1545177600000,BTGETH,0.12516000,0.12887100,0.12150000,0.12770700,6924.15000000,1545263999999,870.48403766,2355,3005.55000000,379.07382576,0
2018-12-20,1545264000000,BTGETH,0.12750700,0.13474600,0.12200200,0.12798600,7489.61000000,1545350399999,961.33502577,2421,4079.81000000,523.96988926,0
2018-12-21,1545350400000,BTGETH,0.12802200,0.14758800,0.12800000,0.13200200,10078.80000000,1545436799999,1382.56339782,3432,4291.09000000,592.35038726,0
2018-12-22,1545436800000,BTGETH,0.13200200,0.13379400,0.12500000,0.12738500,2601.94000000,1545523199999,336.43340289,1144,1321.46000000,171.28125185,0
2018-12-23,1545523200000,BTGETH,0.12609300,0.12687400,0.11281000,0.11652500,2793.79000000,1545609599999,327.80680882,1179,992.87000000,115.76766367,0
2018-12-24,1545609600000,BTGETH,0.11655700,0.11698900,0.09957900,0.10936800,5155.73000000,1545695999999,545.59072832,1399,1929.80000000,205.90641178,0
2018-12-25,1545696000000,BTGETH,0.10761700,0.11220300,0.10387200,0.10806000,4207.63000000,1545782399999,451.70928443,839,2231.94000000,240.31677367,0
2018-12-26,1545782400000,BTGETH,0.10800800,0.11727700,0.10550400,0.11006300,3310.44000000,1545868799999,359.90733860,895,1922.44000000,210.66449946,0
2018-12-27,1545868800000,BTGETH,0.10931800,0.11682600,0.10909500,0.11544100,2962.73000000,1545955199999,336.21788772,615,1073.50000000,121.01240102,0
2018-12-28,1545955200000,BTGETH,0.11424900,0.11526300,0.10397900,0.10500000,2506.08000000,1546041599999,273.25297363,817,898.95000000,99.28164798,0
2018-12-29,1546041600000,BTGETH,0.10500000,0.10615000,0.09717900,0.10099400,1660.32000000,1546127999999,170.55402745,831,774.80000000,79.76611791,0
2018-12-30,1546128000000,BTGETH,0.10041600,0.10392700,0.09634300,0.09725000,1444.88000000,1546214399999,143.36629993,817,768.79000000,76.44067048,0
2018-12-31,1546214400000,BTGETH,0.09714100,0.09978200,0.09102300,0.09408400,2757.45000000,1546300799999,261.13410788,1017,1343.39000000,127.01381712,0
2019-01-01,1546300800000,BTGETH,0.09456400,0.09621000,0.09100000,0.09282500,1741.64000000,1546387199999,162.98612797,518,758.56000000,71.16421431,0
2019-01-02,1546387200000,BTGETH,0.09344600,0.09344600,0.08514300,0.08767700,5876.05000000,1546473599999,516.81287147,864,2584.30000000,223.77298479,0
2019-01-03,1546473600000,BTGETH,0.08748800,0.08904200,0.08567000,0.08711000,885.79000000,1546559999999,77.49586283,416,364.11000000,31.91506617,0
2019-01-04,1546560000000,BTGETH,0.08749900,0.08749900,0.08259600,0.08329600,1597.49000000,1546646399999,135.13806822,584,961.08000000,81.37241843,0
2019-01-05,1546646400000,BTGETH,0.08270800,0.08333900,0.08089300,0.08280000,1203.13000000,1546732799999,99.23545202,468,637.81000000,52.67459795,0
2019-01-06,1546732800000,BTGETH,0.08293300,0.08854400,0.08250000,0.08733700,1674.07000000,1546819199999,143.62957989,634,981.16000000,84.40340539,0
2019-01-07,1546819200000,BTGETH,0.08731300,0.08934800,0.08654600,0.08838400,1583.60000000,1546905599999,139.07984603,656,647.76000000,57.05622962,0
2019-01-08,1546905600000,BTGETH,0.08836200,0.09016100,0.08636400,0.08969500,1914.85000000,1546991999999,168.69530524,730,930.98000000,82.11060018,0
2019-01-09,1546992000000,BTGETH,0.08969300,0.09013800,0.08623900,0.08919100,1597.21000000,1547078399999,140.80278461,565,1035.47000000,91.44599638,0
2019-01-10,1547078400000,BTGETH,0.08918100,0.10401300,0.08858000,0.09520900,7259.14000000,1547164799999,699.49356211,1849,4263.79000000,410.81561094,0
2019-01-11,1547164800000,BTGETH,0.09520700,0.09933100,0.09080800,0.09870500,4453.94000000,1547251199999,417.00514884,1617,2334.34000000,217.94668410,0
2019-01-12,1547251200000,BTGETH,0.09792700,0.09913700,0.09543700,0.09717700,1202.42000000,1547337599999,116.75501123,591,360.78000000,35.05216211,0
2019-01-13,1547337600000,BTGETH,0.09781100,0.10213600,0.09623500,0.10126900,527.69000000,1547423999999,52.39373440,386,264.39000000,26.27130487,0
2019-01-14,1547424000000,BTGETH,0.10124500,0.10142900,0.09400000,0.09474100,2748.47000000,1547510399999,265.14294482,623,420.64000000,41.47406509,0
2019-01-15,1547510400000,BTGETH,0.09442300,0.10015900,0.09217300,0.09837500,1209.86000000,1547596799999,115.55509602,569,735.74000000,70.56864020,0
2019-01-16,1547596800000,BTGETH,0.09768700,0.09929900,0.09448200,0.09718700,1796.23000000,1547683199999,172.86628998,585,805.94000000,77.83200100,0
2019-01-17,1547683200000,BTGETH,0.09718700,0.09777700,0.09300000,0.09444600,2375.94000000,1547769599999,226.06600538,605,1029.98000000,98.31758231,0
2019-01-18,1547769600000,BTGETH,0.09444800,0.09589700,0.08811000,0.09210500,7098.28000000,1547855999999,650.74467685,1467,2425.14000000,222.04704036,0
2019-01-19,1547856000000,BTGETH,0.09125200,0.09439200,0.08800000,0.09218200,3314.78000000,1547942399999,306.15947688,775,1452.15000000,134.75981698,0
2019-01-20,1547942400000,BTGETH,0.09220100,0.09515700,0.09166300,0.09395800,1936.21000000,1548028799999,181.53508504,565,983.95000000,92.47929758,0
2019-01-21,1548028800000,BTGETH,0.09395800,0.09715500,0.09363100,0.09537800,2668.12000000,1548115199999,253.25284816,591,1142.23000000,108.73001078,0
2019-01-22,1548115200000,BTGETH,0.09539000,0.09686700,0.09389100,0.09437500,1905.62000000,1548201599999,180.36489212,435,1367.64000000,129.56955349,0
2019-01-23,1548201600000,BTGETH,0.09428700,0.09706700,0.09313500,0.09508700,2337.31000000,1548287999999,222.91092728,714,919.43000000,87.68406550,0
2019-01-24,1548288000000,BTGETH,0.09508700,0.09688700,0.09451300,0.09541200,981.76000000,1548374399999,93.96103824,390,446.63000000,42.84713419,0
2019-01-25,1548374400000,BTGETH,0.09541300,0.09710500,0.09438600,0.09591100,1770.10000000,1548460799999,169.22224450,441,1031.07000000,98.58013446,0
2019-01-26,1548460800000,BTGETH,0.09610000,0.09639100,0.09489500,0.09568000,1336.64000000,1548547199999,128.03881363,287,410.38000000,39.31138279,0
2019-01-27,1548547200000,BTGETH,0.09567000,0.09750000,0.09437600,0.09653200,3747.83000000,1548633599999,359.16885359,624,1457.80000000,139.30002028,0
2019-01-28,1548633600000,BTGETH,0.09658600,0.09750000,0.08209600,0.09077500,12690.13000000,1548719999999,1112.80336661,2850,5250.59000000,465.23264492,0
2019-01-29,1548720000000,BTGETH,0.09049200,0.09499000,0.09029500,0.09439600,4372.42000000,1548806399999,403.42496400,983,1688.18000000,155.46606378,0
2019-01-30,1548806400000,BTGETH,0.09392100,0.10369000,0.09148900,0.09383000,6638.12000000,1548892799999,643.38445738,1735,3666.73000000,356.45409014,0
2019-01-31,1548892800000,BTGETH,0.09326400,0.09382900,0.09118000,0.09241400,3032.22000000,1548979199999,281.49639875,805,1373.31000000,127.90378991,0
2019-02-01,1548979200000,BTGETH,0.09301700,0.09481800,0.09150000,0.09368700,2585.44000000,1549065599999,241.03412631,490,1276.92000000,118.96210162,0
2019-02-02,1549065600000,BTGETH,0.09377600,0.09412900,0.08990100,0.09030900,1772.28000000,1549151999999,163.44165442,435,1050.66000000,97.12333287,0
2019-02-03,1549152000000,BTGETH,0.09030900,0.09175200,0.09001900,0.09032700,920.14000000,1549238399999,83.45683099,332,317.61000000,28.86215920,0
2019-02-04,1549238400000,BTGETH,0.09020600,0.09243900,0.08900100,0.09045000,1252.61000000,1549324799999,113.70185803,451,632.17000000,57.48107067,0
2019-02-05,1549324800000,BTGETH,0.09060300,0.09060300,0.08832600,0.08940100,899.23000000,1549411199999,80.19238622,398,374.52000000,33.44233390,0
2019-02-06,1549411200000,BTGETH,0.08930600,0.09340000,0.08695900,0.08866500,1428.98000000,1549497599999,127.60280655,619,503.95000000,45.26099707,0
2019-02-07,1549497600000,BTGETH,0.08858300,0.09129700,0.08770400,0.08858800,1553.14000000,1549583999999,138.83065689,410,679.65000000,60.97996479,0
2019-02-08,1549584000000,BTGETH,0.08902400,0.09129700,0.08564700,0.08715800,2110.49000000,1549670399999,186.40139993,682,1199.49000000,106.31626711,0
2019-02-09,1549670400000,BTGETH,0.08719800,0.08859500,0.08560500,0.08662500,1643.89000000,1549756799999,142.95064808,517,536.47000000,46.56810390,0
2019-02-10,1549756800000,BTGETH,0.08721100,0.08726900,0.08181900,0.08292700,1274.26000000,1549843199999,108.47436391,516,397.93000000,34.04737917,0
2019-02-11,1549843200000,BTGETH,0.08231400,0.08501900,0.08231400,0.08394300,2083.54000000,1549929599999,174.80718613,679,944.71000000,79.26705739,0
2019-02-12,1549929600000,BTGETH,0.08427400,0.08503300,0.08244100,0.08345800,743.74000000,1550015999999,62.09760847,380,414.26000000,34.62359478,0
2019-02-13,1550016000000,BTGETH,0.08407600,0.08429200,0.08181900,0.08318400,1090.72000000,1550102399999,90.87555077,385,484.36000000,40.44184848,0
2019-02-14,1550102400000,BTGETH,0.08289300,0.08349500,0.08166200,0.08349500,862.15000000,1550188799999,71.34524496,408,430.01000000,35.62137487,0
2019-02-15,1550188800000,BTGETH,0.08325300,0.08391400,0.08184100,0.08352200,607.25000000,1550275199999,50.39532234,292,291.71000000,24.27215124,0
2019-02-16,1550275200000,BTGETH,0.08328000,0.08400000,0.08212200,0.08308800,584.45000000,1550361599999,48.44277032,241,244.50000000,20.32258646,0
2019-02-17,1550361600000,BTGETH,0.08314100,0.08314100,0.07600000,0.07777000,1123.90000000,1550447999999,89.86070967,521,496.70000000,39.85995143,0
2019-02-18,1550448000000,BTGETH,0.07777000,0.09450000,0.07713200,0.08208600,15931.14000000,1550534399999,1360.14779916,4386,6801.80000000,582.36497385,0
2019-02-19,1550534400000,BTGETH,0.08256000,0.08788500,0.07976700,0.08629000,2855.72000000,1550620799999,238.26887194,1062,2037.97000000,170.38013756,0
2019-02-20,1550620800000,BTGETH,0.08695300,0.08754700,0.08369600,0.08515700,2178.11000000,1550707199999,185.36883334,666,1052.11000000,89.79922613,0
2019-02-21,1550707200000,BTGETH,0.08572100,0.09158700,0.08370100,0.08642600,3960.33000000,1550793599999,344.53241446,1636,1669.65000000,145.89160299,0
2019-02-22,1550793600000,BTGETH,0.08672000,0.09000000,0.08392600,0.08499700,1061.33000000,1550879999999,90.93640627,431,610.85000000,52.59985835,0
2019-02-23,1550880000000,BTGETH,0.08467100,0.08732500,0.08299600,0.08461800,1898.85000000,1550966399999,160.61721470,598,1109.39000000,93.85616546,0
2019-02-24,1550966400000,BTGETH,0.08446900,0.09209600,0.08246900,0.09209600,4381.84000000,1551052799999,378.99572302,1469,2206.55000000,191.09633577,0
2019-02-25,1551052800000,BTGETH,0.09161800,0.09300100,0.08841000,0.09149300,1278.31000000,1551139199999,115.51198954,531,681.14000000,61.58430327,0
2019-02-26,1551139200000,BTGETH,0.09149300,0.09450000,0.09127400,0.09315100,915.17000000,1551225599999,84.96485816,353,532.42000000,49.52219578,0
2019-02-27,1551225600000,BTGETH,0.09394500,0.09480000,0.09090000,0.09332500,1326.32000000,1551311999999,122.62780345,491,578.69000000,53.55705784,0
2019-02-28,1551312000000,BTGETH,0.09261500,0.09394600,0.09074400,0.09220600,956.77000000,1551398399999,88.04019572,440,370.93000000,34.27369554,0
2019-03-01,1551398400000,BTGETH,0.09220500,0.09237100,0.09012400,0.09211700,897.83000000,1551484799999,81.97997719,343,322.64000000,29.42007098,0
2019-03-02,1551484800000,BTGETH,0.09214500,0.09454800,0.09160700,0.09285400,584.91000000,1551571199999,54.31211388,377,224.65000000,20.93725795,0
2019-03-03,1551571200000,BTGETH,0.09285400,0.09338700,0.09132300,0.09179400,702.71000000,1551657599999,64.77673082,281,313.55000000,28.94194349,0
2019-03-04,1551657600000,BTGETH,0.09202300,0.09298800,0.08954800,0.09250000,1363.62000000,1551743999999,124.97599666,453,476.70000000,43.66032026,0
2019-03-05,1551744000000,BTGETH,0.09250000,0.09291800,0.09040000,0.09058200,1173.01000000,1551830399999,107.53302776,489,439.00000000,40.27620795,0
2019-03-06,1551830400000,BTGETH,0.09045900,0.09229800,0.08951000,0.09075100,1193.20000000,1551916799999,108.11738185,467,454.89000000,41.20388637,0
2019-03-07,1551916800000,BTGETH,0.09054700,0.09133000,0.08950100,0.09068900,684.99000000,1552003199999,61.97741574,330,352.40000000,31.95248160,0
2019-03-08,1552003200000,BTGETH,0.09007200,0.09588600,0.09007200,0.09330000,2824.69000000,1552089599999,263.60610088,842,1516.56000000,141.84460567,0
2019-03-09,1552089600000,BTGETH,0.09301200,0.09393500,0.09120300,0.09233500,581.73000000,1552175999999,53.81554039,352,241.24000000,22.36499063,0
2019-03-10,1552176000000,BTGETH,0.09239500,0.09389100,0.09146200,0.09166300,850.47000000,1552262399999,78.37975564,417,380.35000000,35.10224103,0
2019-03-11,1552262400000,BTGETH,0.09207000,0.09249500,0.09014500,0.09091700,895.79000000,1552348799999,82.11437970,475,482.92000000,44.38403535,0
2019-03-12,1552348800000,BTGETH,0.09089500,0.09500000,0.09033800,0.09399800,1318.37000000,1552435199999,123.19860213,522,744.89000000,69.71205869,0
2019-03-13,1552435200000,BTGETH,0.09399400,0.09788000,0.09357000,0.09555400,2781.64000000,1552521599999,265.66085397,863,1234.73000000,117.91778869,0
2019-03-14,1552521600000,BTGETH,0.09503800,0.10553600,0.09420400,0.09997500,5043.74000000,1552607999999,497.24621863,1527,2005.59000000,198.35876145,0
2019-03-15,1552608000000,BTGETH,0.09924500,0.10001200,0.09704300,0.09813400,1883.01000000,1552694399999,184.94038329,492,1073.89000000,105.48885962,0
2019-03-16,1552694400000,BTGETH,0.09781900,0.10100100,0.09492300,0.09541000,1291.91000000,1552780799999,125.95224224,625,546.08000000,53.43104470,0
2019-03-17,1552780800000,BTGETH,0.09590000,0.09722100,0.09430500,0.09556200,1020.43000000,1552867199999,97.02363247,490,397.19000000,37.81585010,0
2019-03-18,1552867200000,BTGETH,0.09480900,0.09813300,0.09459900,0.09495400,1271.00000000,1552953599999,122.99034301,366,485.19000000,46.96127788,0
2019-03-19,1552953600000,BTGETH,0.09502900,0.09600400,0.09431800,0.09500500,448.99000000,1553039999999,42.67057964,305,244.90000000,23.31420432,0
2019-03-20,1553040000000,BTGETH,0.09500500,0.09626900,0.09419100,0.09557300,899.57000000,1553126399999,85.73592626,353,345.38000000,32.97147829,0
2019-03-21,1553126400000,BTGETH,0.09556800,0.09651200,0.09358100,0.09553900,1182.33000000,1553212799999,112.73634725,388,508.07000000,48.37982505,0
2019-03-22,1553212800000,BTGETH,0.09555200,0.09595300,0.09401000,0.09472700,689.07000000,1553299199999,65.21513028,386,372.61000000,35.16931251,0
2019-03-23,1553299200000,BTGETH,0.09541200,0.09643900,0.09476300,0.09506400,357.34000000,1553385599999,34.06664444,183,151.72000000,14.49994033,0
2019-03-24,1553385600000,BTGETH,0.09506400,0.09643900,0.09369300,0.09634900,637.16000000,1553471999999,60.58450112,288,349.67000000,33.33768410,0
2019-03-25,1553472000000,BTGETH,0.09568000,0.09619900,0.09152000,0.09164700,2004.66000000,1553558399999,187.01268772,655,501.09000000,46.85051633,0
2019-03-26,1553558400000,BTGETH,0.09181600,0.09211400,0.09027900,0.09144500,1021.60000000,1553644799999,93.11918484,400,372.49000000,33.95561684,0
2019-03-27,1553644800000,BTGETH,0.09093400,0.09420100,0.09000000,0.09222300,1416.75000000,1553731199999,130.44087043,494,785.52000000,72.48069375,0
2019-03-28,1553731200000,BTGETH,0.09221300,0.09264100,0.09117800,0.09193600,995.18000000,1553817599999,91.36274641,553,450.34000000,41.39733869,0
2019-03-29,1553817600000,BTGETH,0.09144000,0.09320000,0.09100000,0.09170200,732.08000000,1553903999999,67.52427919,337,358.25000000,33.10987641,0
2019-03-30,1553904000000,BTGETH,0.09170200,0.09170200,0.09000000,0.09065000,727.89000000,1553990399999,66.01918134,307,217.97000000,19.82061132,0
2019-03-31,1553990400000,BTGETH,0.09053900,0.09233400,0.08945600,0.09179200,1597.50000000,1554076799999,144.89791405,519,640.40000000,58.34770370,0
2019-04-01,1554076800000,BTGETH,0.09179200,0.09580000,0.09053800,0.09412800,2314.67000000,1554163199999,217.17639071,1290,1170.87000000,109.98254698,0
2019-04-02,1554163200000,BTGETH,0.09429200,0.09767100,0.08943000,0.09064900,7499.03000000,1554249599999,690.49414477,2332,4126.19000000,379.29057465,0
2019-04-03,1554249600000,BTGETH,0.09065500,0.10314400,0.09065000,0.09900100,9316.94000000,1554335999999,900.47319119,4033,4684.30000000,453.00102256,0
2019-04-04,1554336000000,BTGETH,0.09900100,0.10376300,0.09604700,0.09700300,3568.11000000,1554422399999,353.65408750,1295,1799.50000000,178.94764209,0
2019-04-05,1554422400000,BTGETH,0.09758400,0.12749600,0.09500000,0.10839900,20928.44000000,1554508799999,2335.29988807,7479,10108.35000000,1130.72269606,0
2019-04-06,1554508800000,BTGETH,0.10879500,0.12339200,0.10722300,0.11213900,12377.06000000,1554595199999,1418.57069295,5362,5530.21000000,636.46979212,0
2019-04-07,1554595200000,BTGETH,0.11201700,0.11720300,0.10557900,0.10825600,5247.84000000,1554681599999,574.47689181,2164,2454.94000000,269.85369672,0
2019-04-08,1554681600000,BTGETH,0.10948400,0.10948400,0.09606700,0.09719800,3826.94000000,1554767999999,388.44814749,1961,1592.88000000,162.27313510,0
2019-04-09,1554768000000,BTGETH,0.09802600,0.10272000,0.09639200,0.10026000,3171.00000000,1554854399999,316.29056254,1441,1228.24000000,122.65862543,0
2019-04-10,1554854400000,BTGETH,0.10031300,0.10599700,0.09845600,0.10071200,5000.79000000,1554940799999,514.40136041,1506,2735.63000000,282.25069200,0
2019-04-11,1554940800000,BTGETH,0.10138300,0.10248100,0.09550000,0.09848000,4398.67000000,1555027199999,434.14817755,1830,1817.69000000,180.31593920,0
2019-04-12,1555027200000,BTGETH,0.09818500,0.10035100,0.09573400,0.09823200,1684.86000000,1555113599999,165.40289696,881,930.01000000,91.36360971,0
2019-04-13,1555113600000,BTGETH,0.09848100,0.09906000,0.09729000,0.09787400,750.29000000,1555199999999,73.67933853,295,291.15000000,28.63018073,0
2019-04-14,1555200000000,BTGETH,0.09787400,0.09847900,0.09690300,0.09823500,739.80000000,1555286399999,72.33427907,300,343.60000000,33.63443381,0
2019-04-15,1555286400000,BTGETH,0.09756900,0.10600000,0.09756900,0.10295300,3958.59000000,1555372799999,403.07332923,1577,2086.87000000,212.39765263,0
2019-04-16,1555372800000,BTGETH,0.10261800,0.10384200,0.09890700,0.10106800,1132.75000000,1555459199999,114.70540777,774,635.82000000,64.46897720,0
2019-04-17,1555459200000,BTGETH,0.10124100,0.10540900,0.10008200,0.10270900,1423.52000000,1555545599999,145.99479760,694,683.65000000,70.13464057,0
2019-04-18,1555545600000,BTGETH,0.10234000,0.10246600,0.09800400,0.09946200,1371.30000000,1555631999999,136.69499740,473,527.55000000,52.44062026,0
2019-04-19,1555632000000,BTGETH,0.09909500,0.11017000,0.09860500,0.10002500,5753.74000000,1555718399999,597.30166508,1918,2812.50000000,294.49356961,0
2019-04-20,1555718400000,BTGETH,0.09927200,0.10010300,0.09830000,0.09944500,709.82000000,1555804799999,70.34059485,368,314.40000000,31.27141263,0
2019-04-21,1555804800000,BTGETH,0.09887000,0.09982200,0.09693600,0.09825200,1515.12000000,1555891199999,148.88143344,655,240.50000000,23.74682913,0
2019-04-22,1555891200000,BTGETH,0.09823200,0.10094300,0.09780000,0.09932600,1118.72000000,1555977599999,111.13165789,529,656.24000000,65.31789439,0
2019-04-23,1555977600000,BTGETH,0.09930400,0.10050400,0.09772400,0.09877600,1174.54000000,1556063999999,116.42414206,446,573.30000000,57.07832614,0
2019-04-24,1556064000000,BTGETH,0.09818300,0.09873900,0.09521400,0.09570000,1680.15000000,1556150399999,162.95014523,743,361.94000000,35.31028404,0
2019-04-25,1556150400000,BTGETH,0.09553200,0.10550000,0.09400000,0.09580100,3849.25000000,1556236799999,375.29081733,1120,1418.90000000,139.65768030,0
2019-04-26,1556236800000,BTGETH,0.09563000,0.11000000,0.09353100,0.10431700,5823.21000000,1556323199999,586.78517684,1997,3562.50000000,359.39128161,0
2019-04-27,1556323200000,BTGETH,0.10431600,0.10434500,0.09964600,0.10142400,1655.02000000,1556409599999,168.27501820,717,731.67000000,74.42693609,0
2019-04-28,1556409600000,BTGETH,0.10142400,0.10400000,0.10094800,0.10217600,913.72000000,1556495999999,93.37366248,341,456.32000000,46.62407239,0
2019-04-29,1556496000000,BTGETH,0.10171400,0.10293800,0.09986800,0.10063200,1070.46000000,1556582399999,108.43769761,391,339.97000000,34.48092745,0
2019-04-30,1556582400000,BTGETH,0.10063200,0.10224900,0.09763100,0.09965700,1495.59000000,1556668799999,149.76155241,759,686.27000000,68.88892357,0
2019-05-01,1556668800000,BTGETH,0.09938200,0.10682500,0.09913400,0.10420000,1849.10000000,1556755199999,192.28941923,781,1337.05000000,139.25672560,0
2019-05-02,1556755200000,BTGETH,0.10443500,0.10559300,0.10255700,0.10305100,2308.37000000,1556841599999,241.91817363,528,1936.41000000,203.26712349,0
2019-05-03,1556841600000,BTGETH,0.10393800,0.11420400,0.10150300,0.11016000,4550.06000000,1556927999999,497.46701949,1983,2793.94000000,305.68891798,0
2019-05-04,1556928000000,BTGETH,0.11021300,0.11500000,0.10926800,0.11221000,2920.34000000,1557014399999,326.22398417,1375,1335.92000000,149.06500628,0
2019-05-05,1557014400000,BTGETH,0.11219500,0.11649900,0.11119400,0.11286400,3115.86000000,1557100799999,355.63654362,1353,1222.31000000,139.64397510,0
2019-05-06,1557100800000,BTGETH,0.11331500,0.11331500,0.10400000,0.10620200,2423.50000000,1557187199999,265.40720290,945,1011.77000000,110.81687417,0
2019-05-07,1557187200000,BTGETH,0.10558000,0.11247400,0.10249700,0.11086100,2928.44000000,1557273599999,316.81610069,1250,1687.86000000,182.27975560,0
2019-05-08,1557273600000,BTGETH,0.11121800,0.11702600,0.10873300,0.11445100,3477.96000000,1557359999999,392.86734326,1566,2205.28000000,249.46926961,0
2019-05-09,1557360000000,BTGETH,0.11509400,0.12486100,0.11458000,0.11611800,4020.50000000,1557446399999,473.91707831,1879,2279.45000000,268.68408997,0
2019-05-10,1557446400000,BTGETH,0.11561600,0.11789100,0.11010600,0.11685700,3965.70000000,1557532799999,452.36790389,1768,1828.46000000,208.77231696,0
2019-05-11,1557532800000,BTGETH,0.11577900,0.12345000,0.10797300,0.11476100,2640.66000000,1557619199999,300.93414215,1025,1502.98000000,172.63607824,0
2019-05-12,1557619200000,BTGETH,0.11371500,0.12634600,0.11262900,0.11559700,3749.35000000,1557705599999,450.77619800,2194,1602.75000000,193.22395737,0
2019-05-13,1557705600000,BTGETH,0.11559700,0.11854600,0.11375600,0.11649300,2138.95000000,1557791999999,247.59247039,1040,865.17000000,100.18613842,0
2019-05-14,1557792000000,BTGETH,0.11599800,0.11688300,0.10253200,0.10481900,3565.84000000,1557878399999,392.58902976,1713,1479.57000000,161.93292500,0
2019-05-15,1557878400000,BTGETH,0.10424800,0.10479800,0.09732100,0.09858000,3401.28000000,1557964799999,342.09099387,1280,1132.91000000,114.12260031,0
2019-05-16,1557964800000,BTGETH,0.09847300,0.09909800,0.08490100,0.08799900,5441.51000000,1558051199999,502.21893995,2188,1943.44000000,177.89247918,0
2019-05-17,1558051200000,BTGETH,0.08803000,0.09180600,0.08579400,0.08844900,3170.09000000,1558137599999,281.08518280,1034,1426.18000000,126.82398413,0
2019-05-18,1558137600000,BTGETH,0.08783700,0.09063000,0.08669700,0.08829000,1337.47000000,1558223999999,118.65174381,495,619.17000000,55.03454740,0
2019-05-19,1558224000000,BTGETH,0.08860700,0.08902400,0.08560000,0.08656900,2854.26000000,1558310399999,249.41195395,827,862.74000000,75.26261368,0
2019-05-20,1558310400000,BTGETH,0.08796900,0.08876700,0.08455100,0.08577500,1059.76000000,1558396799999,91.91884109,568,494.55000000,42.93268861,0
2019-05-21,1558396800000,BTGETH,0.08532100,0.10100000,0.08482300,0.09125300,7545.78000000,1558483199999,703.65900683,2219,3342.25000000,312.27159765,0
2019-05-22,1558483200000,BTGETH,0.09189300,0.09628900,0.09146200,0.09248800,4462.36000000,1558569599999,422.05712579,1115,2536.49000000,239.55501240,0
2019-05-23,1558569600000,BTGETH,0.09329900,0.09744200,0.09225200,0.09452600,2143.45000000,1558655999999,200.56649028,543,1416.49000000,132.65065127,0
2019-05-24,1558656000000,BTGETH,0.09448000,0.09592000,0.09131100,0.09294500,1107.66000000,1558742399999,103.40603833,418,536.87000000,50.41998237,0
2019-05-25,1558742400000,BTGETH,0.09325300,0.09340200,0.08939600,0.09046000,659.96000000,1558828799999,60.15290694,320,217.65000000,19.85877690,0
2019-05-26,1558828800000,BTGETH,0.09047300,0.09512000,0.08995300,0.09135600,1233.35000000,1558915199999,114.08940030,537,671.33000000,62.18018655,0
2019-05-27,1558915200000,BTGETH,0.09067500,0.09377800,0.08966200,0.09022800,1963.37000000,1559001599999,179.21704599,801,914.48000000,83.54160011,0
2019-05-28,1559001600000,BTGETH,0.09041600,0.09353600,0.08843600,0.09039500,770.76000000,1559087999999,69.81197140,472,417.39000000,37.81434486,0
2019-05-29,1559088000000,BTGETH,0.09031900,0.10117500,0.08860200,0.09820000,6910.71000000,1559174399999,666.20193823,2168,2319.31000000,223.79378666,0
2019-05-30,1559174400000,BTGETH,0.09857800,0.11688400,0.09857800,0.10481900,22289.37000000,1559260799999,2382.21817254,7628,9323.16000000,997.19078621,0
2019-05-31,1559260800000,BTGETH,0.10500000,0.11024500,0.10385600,0.10984100,3413.66000000,1559347199999,364.54531567,1282,1792.83000000,191.34758590,0
2019-06-01,1559347200000,BTGETH,0.10868800,0.10996700,0.10402600,0.10733600,1267.20000000,1559433599999,135.30869514,749,415.26000000,44.44833409,0
2019-06-02,1559433600000,BTGETH,0.10727100,0.10862900,0.10483500,0.10696600,1230.24000000,1559519999999,131.35113052,567,639.96000000,68.50868482,0
2019-06-03,1559520000000,BTGETH,0.10761200,0.11341400,0.10671000,0.10850100,2851.51000000,1559606399999,311.81668819,1327,1109.31000000,121.94131891,0
2019-06-04,1559606400000,BTGETH,0.10926200,0.10999700,0.10386000,0.10481900,2626.19000000,1559692799999,279.68569823,1051,1151.02000000,123.00093327,0
2019-06-05,1559692800000,BTGETH,0.10481700,0.10672400,0.10267400,0.10353200,1014.54000000,1559779199999,106.36944306,498,468.08000000,49.18662796,0
2019-06-06,1559779200000,BTGETH,0.10288500,0.10427800,0.10163300,0.10244600,1019.83000000,1559865599999,104.88424629,490,554.49000000,57.11462305,0
2019-06-07,1559865600000,BTGETH,0.10195600,0.11078300,0.10183100,0.10582700,2053.02000000,1559951999999,218.75915782,901,1073.85000000,114.49968218,0
2019-06-08,1559952000000,BTGETH,0.10590300,0.10896600,0.10446300,0.10651000,1272.34000000,1560038399999,134.50065030,611,629.89000000,66.73672216,0
2019-06-09,1560038400000,BTGETH,0.10650900,0.10838800,0.10316200,0.10530500,1363.41000000,1560124799999,143.66241866,749,619.63000000,65.55237187,0
2019-06-10,1560124800000,BTGETH,0.10531800,0.11210000,0.10372700,0.10473400,2220.52000000,1560211199999,238.63181120,1356,983.16000000,106.18914245,0
2019-06-11,1560211200000,BTGETH,0.10418500,0.10764400,0.10250200,0.10349500,1197.30000000,1560297599999,124.82650177,713,625.98000000,65.26335183,0
2019-06-12,1560297600000,BTGETH,0.10354700,0.10694200,0.09913300,0.09979900,1271.17000000,1560383999999,131.73333257,716,549.82000000,57.33633782,0
2019-06-13,1560384000000,BTGETH,0.09988300,0.10481900,0.09900000,0.10478400,688.62000000,1560470399999,70.15584843,678,238.30000000,24.45482316,0
2019-06-14,1560470400000,BTGETH,0.10478400,0.10688900,0.10040300,0.10175200,865.99000000,1560556799999,89.44030868,666,465.76000000,48.23046665,0
2019-06-15,1560556800000,BTGETH,0.10164400,0.10343400,0.09809200,0.10071600,1298.79000000,1560643199999,131.17099678,729,402.19000000,40.69246897,0
2019-06-16,1560643200000,BTGETH,0.10071600,0.10282300,0.09840000,0.10065700,1369.80000000,1560729599999,137.65050704,598,726.06000000,73.13373742,0
2019-06-17,1560729600000,BTGETH,0.10164400,0.10354500,0.10056000,0.10197500,981.86000000,1560815999999,100.07378554,459,550.75000000,56.25931518,0
2019-06-18,1560816000000,BTGETH,0.10197500,0.10253900,0.10028200,0.10100900,660.12000000,1560902399999,66.99377749,462,356.04000000,36.19502303,0
2019-06-19,1560902400000,BTGETH,0.10141800,0.10482900,0.09893500,0.10227900,1317.04000000,1560988799999,134.04198321,767,524.61000000,53.48627931,0
2019-06-20,1560988800000,BTGETH,0.10227900,0.10623100,0.10151800,0.10365300,2078.38000000,1561075199999,216.27821385,759,853.55000000,88.74826176,0
2019-06-21,1561075200000,BTGETH,0.10341600,0.10365100,0.09600000,0.09867500,1157.25000000,1561161599999,114.73394341,660,422.42000000,41.96233459,0
2019-06-22,1561161600000,BTGETH,0.09890100,0.10227900,0.09478900,0.09807800,3357.05000000,1561247999999,330.63493982,1400,1775.12000000,175.24609317,0
2019-06-23,1561248000000,BTGETH,0.09834900,0.10126800,0.09604700,0.10037400,1529.75000000,1561334399999,150.12130541,729,624.57000000,61.58800608,0
2019-06-24,1561334400000,BTGETH,0.09999100,0.10329400,0.09677500,0.09783300,578.92000000,1561420799999,57.01102791,449,228.69000000,22.55977926,0
2019-06-25,1561420800000,BTGETH,0.09714500,0.10155800,0.09558500,0.09871200,1054.63000000,1561507199999,103.92651136,686,479.33000000,47.14710140,0
2019-06-26,1561507200000,BTGETH,0.09871200,0.10076700,0.08756200,0.09053200,3950.19000000,1561593599999,370.52024862,2129,1624.09000000,153.29619373,0
2019-06-27,1561593600000,BTGETH,0.09028300,0.09413100,0.08697900,0.08913200,2531.70000000,1561679999999,226.48400976,1293,1150.62000000,103.46974335,0
2019-06-28,1561680000000,BTGETH,0.08939200,0.09219400,0.08736400,0.09113300,1888.93000000,1561766399999,169.53502779,879,1033.49000000,92.92940894,0
2019-06-29,1561766400000,BTGETH,0.09123300,0.09515100,0.08756100,0.08933800,1698.69000000,1561852799999,154.99404479,602,716.72000000,65.33494078,0
2019-06-30,1561852800000,BTGETH,0.08929500,0.09250900,0.08790100,0.09001600,1120.60000000,1561939199999,101.26253146,645,447.77000000,40.59908253,0
2019-07-01,1561939200000,BTGETH,0.08983800,0.09199500,0.08802600,0.08891500,1189.55000000,1562025599999,106.65233470,780,495.43000000,44.51970944,0
2019-07-02,1562025600000,BTGETH,0.08916800,0.09400000,0.08844700,0.09005200,1269.99000000,1562111999999,115.64192677,1087,572.16000000,52.13745937,0
2019-07-03,1562112000000,BTGETH,0.08983800,0.09161100,0.08743600,0.08827000,1193.46000000,1562198399999,106.97434813,656,581.82000000,52.20443701,0
2019-07-04,1562198400000,BTGETH,0.08797000,0.09657700,0.08797000,0.09600200,1047.89000000,1562284799999,96.92468992,675,577.22000000,53.40664076,0
2019-07-05,1562284800000,BTGETH,0.09600100,0.09656400,0.09063700,0.09190000,1042.12000000,1562371199999,97.69255004,562,459.81000000,43.29079011,0
2019-07-06,1562371200000,BTGETH,0.09189900,0.09230500,0.08986400,0.09119700,596.04000000,1562457599999,54.38451835,260,412.00000000,37.65526888,0
2019-07-07,1562457600000,BTGETH,0.09180000,0.09274800,0.08534800,0.08705200,786.77000000,1562543999999,69.60239672,510,291.90000000,26.04962266,0
2019-07-08,1562544000000,BTGETH,0.08705200,0.08993600,0.08538200,0.08870900,523.96000000,1562630399999,45.95630496,380,310.45000000,27.26293793,0
2019-07-09,1562630400000,BTGETH,0.08897600,0.09829700,0.08845400,0.09484700,3810.60000000,1562716799999,354.16060290,1253,2168.88000000,205.14236616,0
2019-07-10,1562716800000,BTGETH,0.09484700,0.10300000,0.09277300,0.09945200,4588.41000000,1562803199999,453.75750314,1192,3291.86000000,326.18147557,0
2019-07-11,1562803200000,BTGETH,0.09939600,0.11091200,0.09879200,0.10926100,3268.06000000,1562889599999,337.65009039,1144,1925.70000000,198.79227533,0
2019-07-12,1562889600000,BTGETH,0.10836200,0.11601400,0.10545700,0.10951200,2498.01000000,1562975999999,278.40377027,917,1518.60000000,169.24751526,0
2019-07-13,1562976000000,BTGETH,0.11019800,0.11434400,0.10385400,0.10460200,1954.53000000,1563062399999,210.19800574,699,431.62000000,46.24619594,0
2019-07-14,1563062400000,BTGETH,0.10480200,0.12093200,0.10450200,0.12004500,2525.91000000,1563148799999,289.06402979,1050,1646.53000000,189.52693535,0
2019-07-15,1563148800000,BTGETH,0.12079600,0.12878400,0.11590700,0.12233500,2935.96000000,1563235199999,357.24359419,1133,1360.13000000,166.11201867,0
2019-07-16,1563235200000,BTGETH,0.12189100,0.13536500,0.12015400,0.13064300,2770.49000000,1563321599999,351.84820768,1372,1459.11000000,185.16127223,0
2019-07-17,1563321600000,BTGETH,0.13064300,0.13413300,0.12486800,0.12552200,2906.73000000,1563407999999,373.93816235,1178,1359.11000000,175.06131002,0
2019-07-18,1563408000000,BTGETH,0.12715100,0.13370100,0.11765600,0.12014400,4825.35000000,1563494399999,597.29071374,2156,1889.56000000,233.34270978,0
2019-07-19,1563494400000,BTGETH,0.11992600,0.12730700,0.11630000,0.11767800,2359.04000000,1563580799999,286.26937422,1205,1077.40000000,131.50428467,0
2019-07-20,1563580800000,BTGETH,0.11698900,0.12685000,0.11439000,0.12217900,2229.57000000,1563667199999,267.06789022,1061,1063.56000000,127.42604245,0
2019-07-21,1563667200000,BTGETH,0.12115300,0.12342200,0.11764000,0.11896500,910.57000000,1563753599999,109.35402965,542,398.94000000,48.18909445,0
2019-07-22,1563753600000,BTGETH,0.11904400,0.12112200,0.11683300,0.11951200,860.06000000,1563839999999,101.99533278,486,396.47000000,47.07457513,0
2019-07-23,1563840000000,BTGETH,0.11951200,0.11971100,0.10300000,0.10465000,4555.36000000,1563926399999,487.62574710,1391,1560.63000000,166.95973947,0
2019-07-24,1563926400000,BTGETH,0.10460800,0.10711900,0.09964300,0.10104300,4629.35000000,1564012799999,482.64783461,1267,1703.19000000,178.20133330,0
2019-07-25,1564012800000,BTGETH,0.10098700,0.10131700,0.09536300,0.09684400,2475.79000000,1564099199999,241.61020395,1225,1161.97000000,113.39746788,0
2019-07-26,1564099200000,BTGETH,0.09586400,0.09775500,0.09100100,0.09348700,2942.89000000,1564185599999,274.09860260,1495,1241.01000000,115.85455230,0
2019-07-27,1564185600000,BTGETH,0.09348700,0.09433800,0.09182900,0.09332000,1720.11000000,1564271999999,160.10237935,768,611.34000000,56.97695779,0
2019-07-28,1564272000000,BTGETH,0.09249800,0.09394600,0.09003400,0.09207600,2561.41000000,1564358399999,233.56034971,952,619.54000000,56.99843247,0
2019-07-29,1564358400000,BTGETH,0.09181800,0.09244500,0.08500000,0.08791200,2864.53000000,1564444799999,255.24697401,1053,892.42000000,79.79053149,0
2019-07-30,1564444800000,BTGETH,0.08785000,0.08935000,0.08500000,0.08679000,2316.03000000,1564531199999,203.30401317,739,1587.94000000,140.28507551,0
2019-07-31,1564531200000,BTGETH,0.08619900,0.08772400,0.08377100,0.08572600,1301.88000000,1564617599999,111.55134240,674,537.43000000,46.22336888,0
2019-08-01,1564617600000,BTGETH,0.08585800,0.09000000,0.08103400,0.08249400,1475.58000000,1564703999999,125.27781954,653,855.42000000,73.34866979,0
2019-08-02,1564704000000,BTGETH,0.08249500,0.08364800,0.08020300,0.08108900,1401.91000000,1564790399999,114.54414488,671,426.12000000,34.93891031,0
2019-08-03,1564790400000,BTGETH,0.08109400,0.08284800,0.08000100,0.08094000,810.93000000,1564876799999,66.03732638,346,476.97000000,39.06153670,0
2019-08-04,1564876800000,BTGETH,0.08093600,0.08176300,0.07869700,0.07899800,1354.03000000,1564963199999,108.22344312,449,264.20000000,21.12947864,0
2019-08-05,1564963200000,BTGETH,0.07899700,0.08257000,0.07539600,0.07784900,4143.04000000,1565049599999,330.39523751,1220,1310.63000000,104.84854877,0
2019-08-06,1565049600000,BTGETH,0.07785800,0.07940400,0.07475500,0.07521500,881.45000000,1565135999999,67.67679989,453,364.80000000,28.26005351,0
2019-08-07,1565136000000,BTGETH,0.07521500,0.07600000,0.07400000,0.07522800,1638.76000000,1565222399999,122.83937934,437,544.18000000,40.87165667,0
2019-08-08,1565222400000,BTGETH,0.07413800,0.07439000,0.07110000,0.07300000,1046.39000000,1565308799999,75.74593225,375,338.44000000,24.63211477,0
2019-08-09,1565308800000,BTGETH,0.07268000,0.07348300,0.06914300,0.06990500,1125.73000000,1565395199999,79.21954644,505,502.22000000,35.36955192,0
2019-08-10,1565395200000,BTGETH,0.06990500,0.07309900,0.06933900,0.07284900,1015.41000000,1565481599999,72.82751500,340,543.67000000,39.09002230,0
2019-08-11,1565481600000,BTGETH,0.07278500,0.07309800,0.07129600,0.07167600,406.13000000,1565567999999,29.40874284,222,260.97000000,18.94046804,0
2019-08-12,1565568000000,BTGETH,0.07290200,0.07290200,0.07050000,0.07191200,638.04000000,1565654399999,45.45194231,225,112.86000000,8.06102975,0
2019-08-13,1565654400000,BTGETH,0.07191300,0.08631300,0.06957700,0.07553800,10963.11000000,1565740799999,882.96772679,6203,5954.23000000,482.11556316,0
2019-08-14,1565740800000,BTGETH,0.07538700,0.08615500,0.07403000,0.07530300,10264.93000000,1565827199999,824.80537998,5896,5110.92000000,414.80416397,0
2019-08-15,1565827200000,BTGETH,0.07448400,0.07556600,0.07265300,0.07320000,1821.31000000,1565913599999,135.39194278,410,852.43000000,63.52430933,0
2019-08-16,1565913600000,BTGETH,0.07387700,0.07673400,0.07136400,0.07410800,2922.77000000,1565999999999,214.70582105,990,1421.87000000,104.75170028,0
2019-08-17,1566000000000,BTGETH,0.07404800,0.07490700,0.07210100,0.07249900,559.16000000,1566086399999,40.94900039,445,289.09000000,21.23965755,0
2019-08-18,1566086400000,BTGETH,0.07243000,0.07410000,0.07055500,0.07131600,633.24000000,1566172799999,45.57089840,471,161.65000000,11.68130410,0
2019-08-19,1566172800000,BTGETH,0.07131300,0.07164000,0.06889700,0.06979200,1266.49000000,1566259199999,88.37484094,639,620.41000000,43.30583988,0
2019-08-20,1566259200000,BTGETH,0.06922700,0.07002100,0.06818400,0.06947900,716.73000000,1566345599999,49.55285679,271,293.08000000,20.34840443,0
2019-08-21,1566345600000,BTGETH,0.06947900,0.07275300,0.06775800,0.07138600,1836.58000000,1566431999999,127.92429102,567,524.06000000,37.00599183,0
2019-08-22,1566432000000,BTGETH,0.07138600,0.07154700,0.06919300,0.07154700,372.89000000,1566518399999,26.14284775,347,155.93000000,10.95542257,0
2019-08-23,1566518400000,BTGETH,0.07116300,0.07497600,0.07057200,0.07217300,1591.74000000,1566604799999,116.08637412,633,886.96000000,64.72822568,0
2019-08-24,1566604800000,BTGETH,0.07250900,0.07343900,0.07166800,0.07307600,787.99000000,1566691199999,57.27765188,347,407.66000000,29.72241700,0
2019-08-25,1566691200000,BTGETH,0.07307600,0.07396100,0.07100000,0.07105200,735.29000000,1566777599999,53.34321287,403,229.52000000,16.72232097,0
2019-08-26,1566777600000,BTGETH,0.07149900,0.07149900,0.06800700,0.06972500,1607.20000000,1566863999999,111.65822174,625,466.31000000,32.39299380,0
2019-08-27,1566864000000,BTGETH,0.06994600,0.07008600,0.06608300,0.06771800,1672.13000000,1566950399999,113.08672963,568,432.31000000,29.29420149,0
2019-08-28,1566950400000,BTGETH,0.06789100,0.07002300,0.06501000,0.06644800,2042.12000000,1567036799999,138.37554409,600,1163.43000000,79.10141894,0
2019-08-29,1567036800000,BTGETH,0.06671000,0.07069300,0.06473000,0.06652300,6929.23000000,1567123199999,460.64958392,990,1552.82000000,103.46042932,0
2019-08-30,1567123200000,BTGETH,0.06603000,0.06689200,0.06522800,0.06652200,1853.74000000,1567209599999,122.73051550,381,977.83000000,64.85058620,0
2019-08-31,1567209600000,BTGETH,0.06652200,0.06652200,0.06150800,0.06265700,3965.45000000,1567295999999,253.29223443,747,1234.19000000,78.56119485,0
2019-09-01,1567296000000,BTGETH,0.06265900,0.06450000,0.06142700,0.06396800,1074.07000000,1567382399999,67.17359588,541,457.27000000,28.81271798,0
2019-09-02,1567382400000,BTGETH,0.06330100,0.06422500,0.05956800,0.06368300,3815.57000000,1567468799999,235.61624341,1227,1182.16000000,73.40942083,0
2019-09-03,1567468800000,BTGETH,0.06368000,0.06428900,0.06000300,0.06131900,1038.16000000,1567555199999,64.21310896,465,242.65000000,15.15766496,0
2019-09-04,1567555200000,BTGETH,0.06132000,0.06240200,0.06066700,0.06236900,542.36000000,1567641599999,33.32290274,226,365.53000000,22.47668076,0
2019-09-05,1567641600000,BTGETH,0.06236800,0.06237200,0.05996700,0.06056900,1269.66000000,1567727999999,77.40354723,531,272.22000000,16.69075475,0
2019-09-06,1567728000000,BTGETH,0.06061500,0.06252200,0.05963200,0.06152000,736.01000000,1567814399999,44.72643701,325,341.45000000,20.85977577,0
2019-09-07,1567814400000,BTGETH,0.06152000,0.06239300,0.05877000,0.06044000,952.43000000,1567900799999,57.89621596,482,339.67000000,20.61762393,0
2019-09-08,1567900800000,BTGETH,0.06044000,0.06169200,0.05800100,0.05900000,1163.05000000,1567987199999,68.78163382,542,312.65000000,18.66192801,0
2019-09-09,1567987200000,BTGETH,0.05983500,0.06082000,0.05810500,0.06082000,950.96000000,1568073599999,56.38395501,285,496.02000000,29.48613593,0
2019-09-10,1568073600000,BTGETH,0.06024400,0.06058600,0.05832300,0.05879400,760.66000000,1568159999999,45.31762142,327,400.75000000,23.90395445,0
2019-09-11,1568160000000,BTGETH,0.05870000,0.05870000,0.05674100,0.05784900,1511.96000000,1568246399999,86.79862199,374,705.03000000,40.49884618,0
2019-09-12,1568246400000,BTGETH,0.05808500,0.05838700,0.05650600,0.05689200,2142.06000000,1568332799999,122.65738357,315,1966.80000000,112.66142848,0
2019-09-13,1568332800000,BTGETH,0.05677700,0.05686800,0.05420000,0.05635300,2312.77000000,1568419199999,128.62556937,687,800.48000000,44.80099287,0
2019-09-14,1568419200000,BTGETH,0.05635300,0.05690000,0.05431100,0.05431100,833.10000000,1568505599999,46.09880864,532,336.43000000,18.68987437,0
2019-09-15,1568505600000,BTGETH,0.05431100,0.05593700,0.05358700,0.05465400,618.38000000,1568591999999,33.80500425,637,229.16000000,12.58239259,0
2019-09-16,1568592000000,BTGETH,0.05390100,0.05427200,0.05086500,0.05108600,7521.33000000,1568678399999,402.96350504,1045,1043.49000000,55.49400542,0
2019-09-17,1568678400000,BTGETH,0.05095800,0.05154500,0.04803000,0.04907800,1845.84000000,1568764799999,91.16160825,798,441.90000000,22.09662677,0
2019-09-18,1568764800000,BTGETH,0.04906400,0.05293300,0.04784000,0.05159600,1526.23000000,1568851199999,75.99122032,602,811.55000000,40.68692892,0
2019-09-19,1568851200000,BTGETH,0.05159600,0.05241800,0.04717600,0.04977300,1497.58000000,1568937599999,73.91639428,654,712.91000000,35.56058594,0
2019-09-20,1568937600000,BTGETH,0.05002100,0.05177800,0.04852500,0.05041700,2180.12000000,1569023999999,109.11217098,619,1240.03000000,62.06252168,0
2019-09-21,1569024000000,BTGETH,0.04999600,0.05050300,0.04738700,0.04742600,2399.25000000,1569110399999,118.38440311,735,1269.39000000,62.69911172,0
2019-09-22,1569110400000,BTGETH,0.04786100,0.04896400,0.04705800,0.04757100,1052.77000000,1569196799999,50.38268096,303,358.30000000,17.25811061,0
2019-09-23,1569196800000,BTGETH,0.04766200,0.04869500,0.04688200,0.04841200,1000.69000000,1569283199999,47.64584089,326,336.92000000,16.15459477,0
2019-09-24,1569283200000,BTGETH,0.04839600,0.05235900,0.04605600,0.04643700,3896.64000000,1569369599999,185.66578027,930,3043.31000000,145.02065568,0
2019-09-25,1569369600000,BTGETH,0.04643700,0.04778000,0.04450600,0.04558500,3148.37000000,1569455999999,145.57902866,834,1765.50000000,82.05600745,0
2019-09-26,1569456000000,BTGETH,0.04558500,0.04655700,0.04485600,0.04607800,1086.92000000,1569542399999,49.54584785,394,525.94000000,24.04753586,0
2019-09-27,1569542400000,BTGETH,0.04566600,0.04607800,0.04357000,0.04391400,1893.89000000,1569628799999,85.19888033,478,435.43000000,19.58245851,0
2019-09-28,1569628800000,BTGETH,0.04404000,0.04513300,0.04331000,0.04422000,866.68000000,1569715199999,38.38037536,342,221.80000000,9.80801776,0
2019-09-29,1569715200000,BTGETH,0.04436900,0.04473200,0.04330000,0.04373500,585.69000000,1569801599999,25.73288325,270,196.59000000,8.65654055,0
2019-09-30,1569801600000,BTGETH,0.04373500,0.04452700,0.04268600,0.04284300,621.37000000,1569887999999,26.99880332,333,326.58000000,14.23033283,0
2019-10-01,1569888000000,BTGETH,0.04268900,0.04465800,0.04247100,0.04372600,1348.99000000,1569974399999,58.71309481,355,195.74000000,8.53126059,0
2019-10-02,1569974400000,BTGETH,0.04372600,0.04417100,0.04251000,0.04299500,508.21000000,1570060799999,21.98573624,251,228.02000000,9.89919627,0
2019-10-03,1570060800000,BTGETH,0.04299300,0.04394400,0.04251000,0.04348100,2614.45000000,1570147199999,112.28653174,388,1132.94000000,48.71104610,0
2019-10-04,1570147200000,BTGETH,0.04358600,0.04533500,0.04286400,0.04533500,964.96000000,1570233599999,42.48397634,535,511.85000000,22.58808158,0
2019-10-05,1570233600000,BTGETH,0.04534700,0.04913500,0.04443200,0.04543400,4540.57000000,1570319999999,210.81438809,1712,2190.06000000,101.71131286,0
2019-10-06,1570320000000,BTGETH,0.04512800,0.04598400,0.04442200,0.04579200,856.79000000,1570406399999,38.72936703,263,480.54000000,21.74265072,0
2019-10-07,1570406400000,BTGETH,0.04510200,0.04663100,0.04459100,0.04504400,1180.17000000,1570492799999,53.38484460,395,380.57000000,17.33585806,0
2019-10-08,1570492800000,BTGETH,0.04501800,0.04558000,0.04397600,0.04458700,811.95000000,1570579199999,36.10162153,283,377.16000000,16.81662306,0
2019-10-09,1570579200000,BTGETH,0.04428300,0.04594400,0.04293900,0.04377500,3379.82000000,1570665599999,151.69043834,666,1347.85000000,60.43476650,0
2019-10-10,1570665600000,BTGETH,0.04375200,0.04611100,0.04160400,0.04316700,2931.75000000,1570751999999,125.72105072,699,1097.80000000,47.44767200,0
2019-10-11,1570752000000,BTGETH,0.04316700,0.04346800,0.03910500,0.04212600,8784.04000000,1570838399999,358.75978344,1862,2629.82000000,107.83011945,0
2019-10-12,1570838400000,BTGETH,0.04165600,0.04229900,0.03953500,0.04227600,6756.68000000,1570924799999,272.91100840,1396,2867.24000000,115.97169518,0
2019-10-13,1570924800000,BTGETH,0.04227600,0.04366500,0.04153000,0.04346800,2224.84000000,1571011199999,94.91996724,762,1164.66000000,49.69653558,0
2019-10-14,1571011200000,BTGETH,0.04298000,0.04338500,0.04248200,0.04305000,2883.32000000,1571097599999,124.25004020,731,1731.22000000,74.73968144,0
2019-10-15,1571097600000,BTGETH,0.04272400,0.04603300,0.04271900,0.04522600,3541.42000000,1571183999999,156.03125024,643,2575.27000000,112.98962939,0
2019-10-16,1571184000000,BTGETH,0.04507200,0.04809800,0.04486200,0.04690900,3161.06000000,1571270399999,147.40202894,670,1273.13000000,59.40261405,0
2019-10-17,1571270400000,BTGETH,0.04699800,0.04772300,0.04591400,0.04772300,1445.27000000,1571356799999,67.56830020,535,813.22000000,38.20040677,0
2019-10-18,1571356800000,BTGETH,0.04772300,0.04831600,0.04369400,0.04415400,3970.27000000,1571443199999,180.98043646,1039,1099.83000000,51.03602352,0
2019-10-19,1571443200000,BTGETH,0.04415400,0.04436200,0.04281900,0.04336800,3711.92000000,1571529599999,161.54599210,1493,1085.25000000,47.37362967,0
2019-10-20,1571529600000,BTGETH,0.04325600,0.04353900,0.04269200,0.04320300,2122.27000000,1571615999999,91.39818370,827,600.51000000,25.99728696,0
2019-10-21,1571616000000,BTGETH,0.04320400,0.04397700,0.04255000,0.04384400,1709.33000000,1571702399999,73.89945388,630,486.26000000,21.05785694,0
2019-10-22,1571702400000,BTGETH,0.04369100,0.04397600,0.04305400,0.04368800,950.51000000,1571788799999,41.46113131,445,455.99000000,19.93509746,0
2019-10-23,1571788800000,BTGETH,0.04368800,0.04500000,0.04252500,0.04252500,3286.88000000,1571875199999,143.72570591,702,1429.99000000,62.52842097,0
2019-10-24,1571875200000,BTGETH,0.04252500,0.04403700,0.04237300,0.04399500,1385.67000000,1571961599999,59.75541342,421,398.17000000,17.21956158,0
2019-10-25,1571961600000,BTGETH,0.04399500,0.04489900,0.04121900,0.04293800,2486.25000000,1572047999999,106.74668822,779,1116.83000000,48.30029079,0
2019-10-26,1572048000000,BTGETH,0.04253700,0.04489800,0.04159400,0.04310500,3269.89000000,1572134399999,138.98728301,733,1343.19000000,57.19014354,0
2019-10-27,1572134400000,BTGETH,0.04276800,0.04414400,0.04226700,0.04366400,3171.02000000,1572220799999,137.53392090,498,2023.91000000,87.83416073,0
2019-10-28,1572220800000,BTGETH,0.04357200,0.04680100,0.04240500,0.04381300,3128.42000000,1572307199999,137.76129918,650,1317.98000000,58.49331588,0
2019-10-29,1572307200000,BTGETH,0.04399800,0.04612100,0.04307900,0.04440600,1503.79000000,1572393599999,66.62493988,553,671.49000000,29.91052798,0
2019-10-30,1572393600000,BTGETH,0.04389000,0.04510100,0.04277600,0.04379600,2070.89000000,1572479999999,90.41591649,423,1091.13000000,47.70460868,0
2019-10-31,1572480000000,BTGETH,0.04363000,0.04456800,0.04324300,0.04419100,874.95000000,1572566399999,38.42280992,206,410.71000000,18.06680935,0
2019-11-01,1572566400000,BTGETH,0.04420100,0.04451500,0.04367600,0.04414800,710.68000000,1572652799999,31.30239598,224,247.97000000,10.96113232,0
2019-11-02,1572652800000,BTGETH,0.04414800,0.04548200,0.04391800,0.04492900,1549.34000000,1572739199999,69.56436871,366,414.16000000,18.66404442,0
2019-11-03,1572739200000,BTGETH,0.04492900,0.04556000,0.04453400,0.04544900,683.22000000,1572825599999,30.73590441,226,404.86000000,18.22559466,0
2019-11-04,1572825600000,BTGETH,0.04544900,0.04612000,0.04425900,0.04559800,2294.80000000,1572911999999,103.29693332,307,1679.69000000,75.66455823,0
2019-11-05,1572912000000,BTGETH,0.04561100,0.04561100,0.04402500,0.04466900,471.30000000,1572998399999,21.08403953,172,177.81000000,8.01317407,0
2019-11-06,1572998400000,BTGETH,0.04469100,0.04624000,0.04469100,0.04544900,2478.77000000,1573084799999,112.86482528,388,1978.46000000,90.20717678,0
2019-11-07,1573084800000,BTGETH,0.04544900,0.04987800,0.04544900,0.04726800,3480.91000000,1573171199999,165.40998559,951,1927.05000000,91.83427363,0
2019-11-08,1573171200000,BTGETH,0.04705200,0.04778900,0.04480000,0.04596900,1498.10000000,1573257599999,69.25460259,396,722.31000000,33.36218248,0
2019-11-09,1573257600000,BTGETH,0.04566400,0.04604300,0.04511500,0.04556100,413.28000000,1573343999999,18.82966091,201,184.85000000,8.43580343,0
2019-11-10,1573344000000,BTGETH,0.04570800,0.04692700,0.04466000,0.04670800,1074.13000000,1573430399999,49.12097100,492,502.49000000,23.05766725,0
2019-11-11,1573430400000,BTGETH,0.04670600,0.04670600,0.04531300,0.04635900,1080.62000000,1573516799999,49.71254816,366,280.43000000,12.94514587,0
2019-11-12,1573516800000,BTGETH,0.04634100,0.04657000,0.04467100,0.04553800,1081.59000000,1573603199999,49.29754297,352,390.27000000,17.85987709,0
2019-11-13,1573603200000,BTGETH,0.04557700,0.04583800,0.04472700,0.04516500,526.74000000,1573689599999,23.83395836,153,188.26000000,8.53840054,0
2019-11-14,1573689600000,BTGETH,0.04513700,0.04543500,0.04295100,0.04414800,1381.11000000,1573775999999,60.62792719,467,502.73000000,22.13674671,0
2019-11-15,1573776000000,BTGETH,0.04377000,0.04468900,0.04312700,0.04339000,995.10000000,1573862399999,43.73383508,352,380.22000000,16.78742298,0
2019-11-16,1573862400000,BTGETH,0.04374700,0.04628500,0.04272200,0.04340600,1104.26000000,1573948799999,48.14718755,353,464.61000000,20.45977100,0
2019-11-17,1573948800000,BTGETH,0.04352400,0.04393300,0.04192700,0.04335400,1293.89000000,1574035199999,55.51343337,407,438.86000000,18.95886881,0
2019-11-18,1574035200000,BTGETH,0.04289100,0.04309800,0.04193300,0.04228000,1348.49000000,1574121599999,57.50122762,338,455.67000000,19.42778475,0
2019-11-19,1574121600000,BTGETH,0.04227900,0.04258000,0.04117500,0.04222400,1317.02000000,1574207999999,55.14843730,309,650.64000000,27.26439259,0
2019-11-20,1574208000000,BTGETH,0.04216700,0.04250600,0.04161500,0.04249000,544.59000000,1574294399999,22.94282150,210,301.81000000,12.73965456,0
2019-11-21,1574294400000,BTGETH,0.04249000,0.04464600,0.04153400,0.04399800,1755.00000000,1574380799999,75.96485688,378,1009.63000000,43.70144269,0
2019-11-22,1574380800000,BTGETH,0.04360300,0.04491600,0.04286400,0.04415700,2964.54000000,1574467199999,130.20901178,518,2299.79000000,101.07646571,0
2019-11-23,1574467200000,BTGETH,0.04415700,0.04507600,0.04348200,0.04473700,1960.54000000,1574553599999,86.77751444,341,641.09000000,28.49363016,0
2019-11-24,1574553600000,BTGETH,0.04420100,0.04486700,0.04375300,0.04465100,1211.75000000,1574639999999,53.66227865,263,796.97000000,35.38358347,0
2019-11-25,1574640000000,BTGETH,0.04427900,0.04497600,0.04162800,0.04218100,2925.83000000,1574726399999,126.35926718,533,839.16000000,36.29503618,0
2019-11-26,1574726400000,BTGETH,0.04218100,0.04247700,0.04132100,0.04220400,2176.47000000,1574812799999,91.14487763,330,794.42000000,33.43465657,0
2019-11-27,1574812800000,BTGETH,0.04212000,0.04299700,0.04136600,0.04241100,1423.28000000,1574899199999,59.84881272,288,673.63000000,28.55606083,0
2019-11-28,1574899200000,BTGETH,0.04241100,0.04351400,0.04201000,0.04331800,782.12000000,1574985599999,33.30682500,243,216.61000000,9.32104888,0
2019-11-29,1574985600000,BTGETH,0.04331700,0.04400000,0.04260000,0.04375000,979.60000000,1575071999999,42.43342153,302,489.80000000,21.25982537,0
2019-11-30,1575072000000,BTGETH,0.04375000,0.04386900,0.04139300,0.04205200,2673.06000000,1575158399999,112.81399633,491,293.23000000,12.39682187,0
2019-12-01,1575158400000,BTGETH,0.04205200,0.04330000,0.04141300,0.04293700,4370.36000000,1575244799999,185.83275559,487,891.65000000,37.94943146,0
2019-12-02,1575244800000,BTGETH,0.04248800,0.04318500,0.04055800,0.04143500,1724.82000000,1575331199999,71.35466717,619,468.52000000,19.64502522,0
2019-12-03,1575331200000,BTGETH,0.04141700,0.04211700,0.03892800,0.04063300,7818.58000000,1575417599999,312.03854126,1346,2158.21000000,86.61774983,0
2019-12-04,1575417600000,BTGETH,0.04067000,0.04082800,0.03983500,0.03983600,3367.16000000,1575503999999,135.70842020,473,1831.20000000,73.97289160,0
2019-12-05,1575504000000,BTGETH,0.03983600,0.04063800,0.03973900,0.04055400,699.80000000,1575590399999,28.08768009,161,318.01000000,12.82304219,0
2019-12-06,1575590400000,BTGETH,0.04055500,0.04090800,0.03982300,0.04090800,538.21000000,1575676799999,21.72360104,154,227.49000000,9.24985774,0
2019-12-07,1575676800000,BTGETH,0.04096700,0.04108900,0.04038700,0.04095400,1024.86000000,1575763199999,41.76752761,246,322.11000000,13.17154081,0
2019-12-08,1575763200000,BTGETH,0.04096300,0.04096300,0.03944800,0.03981100,582.69000000,1575849599999,23.30117184,198,97.26000000,3.91547571,0
2019-12-09,1575849600000,BTGETH,0.03980900,0.04070900,0.03940100,0.03978400,1634.81000000,1575935999999,65.07124108,289,746.87000000,29.81934770,0
2019-12-10,1575936000000,BTGETH,0.03975100,0.03975100,0.03876700,0.03903700,1540.73000000,1576022399999,60.25717677,305,476.45000000,18.70991642,0
2019-12-11,1576022400000,BTGETH,0.03936900,0.04024900,0.03860200,0.04023700,1490.82000000,1576108799999,58.62881057,320,821.13000000,32.37670821,0
2019-12-12,1576108800000,BTGETH,0.03980900,0.04028600,0.03871500,0.03963900,1287.05000000,1576195199999,50.73870969,272,505.21000000,20.03039056,0
2019-12-13,1576195200000,BTGETH,0.03924400,0.03993800,0.03882900,0.03933600,2958.28000000,1576281599999,115.77785568,382,2282.02000000,89.28484697,0
2019-12-14,1576281600000,BTGETH,0.03940100,0.03996600,0.03916600,0.03949100,894.41000000,1576367999999,35.29660478,206,486.83000000,19.25848307,0
2019-12-15,1576368000000,BTGETH,0.03927500,0.03971100,0.03784400,0.03897400,2882.97000000,1576454399999,110.72485250,432,755.77000000,29.14949116,0
2019-12-16,1576454400000,BTGETH,0.03893800,0.04100000,0.03455700,0.03932400,6601.20000000,1576540799999,260.46462782,703,3544.47000000,141.27041065,0
2019-12-17,1576540800000,BTGETH,0.03968700,0.04070000,0.03872300,0.04021300,4701.76000000,1576627199999,185.73112813,560,3227.56000000,127.91977178,0
2019-12-18,1576627200000,BTGETH,0.04062800,0.04211800,0.03969100,0.04065800,5290.61000000,1576713599999,214.46376787,723,3433.26000000,139.17520418,0
2019-12-19,1576713600000,BTGETH,0.04065800,0.04177600,0.04043300,0.04137000,2390.56000000,1576799999999,98.26647841,438,1613.66000000,66.48083373,0
2019-12-20,1576800000000,BTGETH,0.04137700,0.04246600,0.04127200,0.04239500,1071.55000000,1576886399999,44.93329157,157,858.98000000,36.04926231,0
2019-12-21,1576886400000,BTGETH,0.04200100,0.04239200,0.04131300,0.04166500,2238.75000000,1576972799999,93.20297227,286,1018.91000000,42.56144149,0
2019-12-22,1576972800000,BTGETH,0.04168900,0.04189900,0.04025800,0.04094800,1551.48000000,1577059199999,63.59714741,314,545.68000000,22.48940395,0
2019-12-23,1577059200000,BTGETH,0.04094800,0.04178100,0.04025000,0.04127000,1695.24000000,1577145599999,69.11406197,275,1345.69000000,54.95928277,0
2019-12-24,1577145600000,BTGETH,0.04079800,0.04124400,0.04035200,0.04083400,723.28000000,1577231999999,29.52286292,284,289.24000000,11.83646909,0
2019-12-25,1577232000000,BTGETH,0.04083400,0.04139400,0.04027700,0.04083200,1442.33000000,1577318399999,58.93012017,483,651.51000000,26.69320385,0
2019-12-26,1577318400000,BTGETH,0.04078400,0.04110800,0.03990700,0.04109900,1388.43000000,1577404799999,56.24510159,501,638.10000000,25.95395827,0
2019-12-27,1577404800000,BTGETH,0.04109900,0.04216900,0.04078700,0.04172400,1614.13000000,1577491199999,67.01224246,464,1231.34000000,51.21841837,0
2019-12-28,1577491200000,BTGETH,0.04170600,0.04286600,0.04100000,0.04165300,2071.42000000,1577577599999,86.61139108,393,941.87000000,39.69328703,0
2019-12-29,1577577600000,BTGETH,0.04140400,0.04193500,0.04014100,0.04050400,5233.22000000,1577663999999,211.86434341,548,210.16000000,8.62637777,0
2019-12-30,1577664000000,BTGETH,0.04050500,0.04206600,0.04043100,0.04192300,9312.56000000,1577750399999,383.39009255,812,2216.35000000,91.31467924,0
2019-12-31,1577750400000,BTGETH,0.04206600,0.04214600,0.04057900,0.04113200,2851.23000000,1577836799999,118.14520783,738,1105.10000000,45.90128286,0
2020-01-01,1577836800000,BTGETH,0.04113200,0.04118300,0.04015100,0.04085000,803.64000000,1577923199999,32.66425749,310,400.86000000,16.31543621,0
2020-01-02,1577923200000,BTGETH,0.04081700,0.04137900,0.03962300,0.03989100,2049.35000000,1578009599999,82.73908303,466,1141.08000000,46.19875024,0
2020-01-03,1578009600000,BTGETH,0.04000100,0.04118300,0.03960300,0.04040900,1909.25000000,1578095999999,77.16861379,431,973.71000000,39.48489819,0
2020-01-04,1578096000000,BTGETH,0.03989800,0.04050200,0.03942600,0.04031800,1135.01000000,1578182399999,45.30993996,362,556.27000000,22.30378573,0
2020-01-05,1578182400000,BTGETH,0.04031800,0.04056600,0.03958300,0.03985500,579.21000000,1578268799999,23.12648607,235,254.48000000,10.20576247,0
2020-01-06,1578268800000,BTGETH,0.04021300,0.04028400,0.03842300,0.04022700,2423.18000000,1578355199999,95.41984016,601,1102.56000000,43.49752202,0
2020-01-07,1578355200000,BTGETH,0.04022700,0.04175200,0.04006900,0.04128700,1378.40000000,1578441599999,56.56016282,422,920.17000000,37.81027118,0
2020-01-08,1578441600000,BTGETH,0.04100100,0.04940300,0.04064100,0.04443900,7734.82000000,1578527999999,348.27567207,1318,3827.73000000,170.77284793,0
2020-01-09,1578528000000,BTGETH,0.04443900,0.04459000,0.04133300,0.04243300,4597.84000000,1578614399999,195.63795018,1040,1984.48000000,84.66810787,0
2020-01-10,1578614400000,BTGETH,0.04243300,0.04386500,0.04077500,0.04339000,4510.46000000,1578700799999,191.38273896,768,2485.32000000,106.19752737,0
2020-01-11,1578700800000,BTGETH,0.04378400,0.04784100,0.04340900,0.04577500,5305.18000000,1578787199999,242.48005113,1183,3078.72000000,141.06117182,0
2020-01-12,1578787200000,BTGETH,0.04565600,0.04700000,0.04368300,0.04670700,2502.97000000,1578873599999,114.79227230,818,867.52000000,40.00965932,0
2020-01-13,1578873600000,BTGETH,0.04670700,0.04873400,0.04587300,0.04873400,1706.50000000,1578959999999,80.34644915,542,1098.02000000,51.79261316,0
2020-01-14,1578960000000,BTGETH,0.04873400,0.09826600,0.04811800,0.08705200,30864.18000000,1579046399999,1883.46847347,6122,15547.68000000,946.09985461,0
2020-01-15,1579046400000,BTGETH,0.08705200,0.16887600,0.07757600,0.08902100,89193.78000000,1579132799999,8468.19513531,21353,42760.29000000,4115.41047658,0
2020-01-16,1579132800000,BTGETH,0.09012600,0.09300000,0.07185300,0.08010000,30226.76000000,1579219199999,2463.27446831,8896,14714.26000000,1211.41573476,0
2020-01-17,1579219200000,BTGETH,0.07977700,0.08180200,0.07101000,0.07424300,16246.38000000,1579305599999,1231.37265964,3192,6419.47000000,490.56003722,0
2020-01-18,1579305600000,BTGETH,0.07432300,0.08117000,0.06221000,0.06493000,14357.73000000,1579391999999,1004.77703629,3230,6727.60000000,478.76687916,0
2020-01-19,1579392000000,BTGETH,0.06425100,0.07027400,0.06000000,0.06601300,10350.58000000,1579478399999,674.40422676,3153,5681.46000000,371.46242086,0
2020-01-20,1579478400000,BTGETH,0.06584000,0.07649800,0.06237000,0.06980700,13502.76000000,1579564799999,915.51796609,4806,7366.84000000,502.12508479,0
2020-01-21,1579564800000,BTGETH,0.06934400,0.08150000,0.06468500,0.06666600,9347.62000000,1579651199999,643.90008785,3187,5486.45000000,383.34273117,0
2020-01-22,1579651200000,BTGETH,0.06666500,0.06814800,0.06350000,0.06478000,3334.15000000,1579737599999,217.12703860,1444,1343.89000000,87.87694787,0
2020-01-23,1579737600000,BTGETH,0.06478000,0.06478000,0.05939500,0.06010100,7659.25000000,1579823999999,472.21004576,1807,2875.28000000,178.21803395,0
2020-01-24,1579824000000,BTGETH,0.06010300,0.06315400,0.05721900,0.06160000,4859.87000000,1579910399999,290.91947253,1908,2130.08000000,128.43124752,0
2020-01-25,1579910400000,BTGETH,0.06160000,0.06480000,0.06081400,0.06300800,4940.15000000,1579996799999,310.34635213,2652,3288.26000000,206.91188003,0
2020-01-26,1579996800000,BTGETH,0.06255800,0.07692500,0.06230400,0.06780200,21491.55000000,1580083199999,1489.83009462,8189,11615.94000000,805.77777328,0
2020-01-27,1580083200000,BTGETH,0.06723900,0.07619900,0.06649200,0.06903700,27706.02000000,1580169599999,1951.63674476,8309,13102.57000000,924.76605280,0
2020-01-28,1580169600000,BTGETH,0.06851800,0.07153600,0.06396700,0.06481000,8485.06000000,1580255999999,572.47025680,2559,2739.84000000,185.87067329,0
2020-01-29,1580256000000,BTGETH,0.06530700,0.06751000,0.06322300,0.06520800,4207.48000000,1580342399999,275.41101346,1584,1411.17000000,92.78798383,0
2020-01-30,1580342400000,BTGETH,0.06525400,0.06663300,0.06176600,0.06187800,1946.75000000,1580428799999,124.65778183,1055,772.48000000,49.57333720,0
2020-01-31,1580428800000,BTGETH,0.06179300,0.06491400,0.05995400,0.06090500,6040.76000000,1580515199999,370.08328701,1054,4224.77000000,258.64042813,0
2020-02-01,1580515200000,BTGETH,0.06106500,0.06174300,0.05903000,0.05987200,2283.54000000,1580601599999,138.11336075,604,1243.73000000,75.50042915,0
2020-02-02,1580601600000,BTGETH,0.05993000,0.05993000,0.05688100,0.05753800,3157.74000000,1580687999999,183.85939819,609,1332.78000000,77.69757620,0
2020-02-03,1580688000000,BTGETH,0.05731900,0.06465900,0.05668800,0.06318700,8100.21000000,1580774399999,490.22453123,2252,5399.14000000,324.43724033,0
2020-02-04,1580774400000,BTGETH,0.06283800,0.06512500,0.05852400,0.05968100,5938.61000000,1580860799999,361.81407134,1335,2125.96000000,129.48882643,0
2020-02-05,1580860800000,BTGETH,0.05953000,0.06289900,0.05702300,0.05779000,23408.36000000,1580947199999,1390.49800114,2653,8717.03000000,514.34760717,0
2020-02-06,1580947200000,BTGETH,0.05779500,0.05803200,0.05355000,0.05396800,7584.40000000,1581033599999,416.45237915,1319,1658.23000000,91.72863697,0
2020-02-07,1581033600000,BTGETH,0.05414700,0.05414800,0.05256100,0.05274500,1047.69000000,1581062399999,55.60801799,295,510.58000000,27.11943583,0
